{
  "name": "oracle-fmw_inst",
  "version": "0.1.0",
  "author": "oracle",
  "summary": "Installs FMW Software on a WebLogic middleware environmment",
  "license": "MIT",
  "source": "https://github.com/oracle/puppet-samples/fmw_inst",
  "project_page": "https://github.com/oracle/puppet-samples",
  "issues_url": "https://github.com/oracle/puppet-samples",
  "dependencies": [
    {"name":"puppetlabs-stdlib","version_requirement":">= 1.0.0"},
    {"name":"oracle-fmw_wls","version_requirement":">= 0.1.0"}
  ]
}

