{
  "name": "oracle-fmw_wls",
  "version": "0.1.0",
  "author": "oracle",
  "summary": "Installs Oracle WebLogic 11g, 12c on any Windows, Linux or Solaris host",
  "license": "MIT",
  "source": "https://github.com/oracle/puppet-samples/fmw_wls",
  "project_page": "https://github.com/oracle/puppet-samples",
  "issues_url": "https://github.com/oracle/puppet-samples",
  "dependencies": [
    {"name":"puppetlabs-stdlib","version_requirement":">= 1.0.0"},
    {"name":"puppetlabs-registry","version_requirement":">= 1.0.0"},
    {"name":"oracle-fmw_jdk","version_requirement":">= 0.1.0"}
  ]
}

